country_region_code,country_region,sub_region_1,sub_region_2,metro_area,iso_3166_2_code,census_fips_code,date,retail_and_recreation_percent_change_from_baseline,grocery_and_pharmacy_percent_change_from_baseline,parks_percent_change_from_baseline,transit_stations_percent_change_from_baseline,workplaces_percent_change_from_baseline,residential_percent_change_from_baseline
PG,Papua New Guinea,,,,,,2020-02-15,9,7,-4,-3,11,-2
PG,Papua New Guinea,,,,,,2020-02-16,17,12,-3,2,7,
PG,Papua New Guinea,,,,,,2020-02-17,0,4,-4,-4,8,-1
PG,Papua New Guinea,,,,,,2020-02-18,6,4,-8,-4,7,-1
PG,Papua New Guinea,,,,,,2020-02-19,1,-4,-14,-3,8,1
PG,Papua New Guinea,,,,,,2020-02-20,-1,-4,-7,-1,10,1
PG,Papua New Guinea,,,,,,2020-02-21,6,6,-5,-6,11,0
PG,Papua New Guinea,,,,,,2020-02-22,10,5,-5,-7,8,0
PG,Papua New Guinea,,,,,,2020-02-23,11,9,-7,0,10,
PG,Papua New Guinea,,,,,,2020-02-24,-1,0,-5,-6,8,-1
PG,Papua New Guinea,,,,,,2020-02-25,3,5,-10,-2,9,-1
PG,Papua New Guinea,,,,,,2020-02-26,6,8,-5,-3,13,-1
PG,Papua New Guinea,,,,,,2020-02-27,6,6,-9,0,13,0
PG,Papua New Guinea,,,,,,2020-02-28,10,11,-7,5,18,-1
PG,Papua New Guinea,,,,,,2020-02-29,11,14,-7,1,17,-2
PG,Papua New Guinea,,,,,,2020-03-01,15,19,-5,-1,16,
PG,Papua New Guinea,,,,,,2020-03-02,0,3,-10,-6,15,0
PG,Papua New Guinea,,,,,,2020-03-03,3,7,-8,-3,14,0
PG,Papua New Guinea,,,,,,2020-03-04,0,3,-12,-3,14,2
PG,Papua New Guinea,,,,,,2020-03-05,1,1,-6,-4,15,0
PG,Papua New Guinea,,,,,,2020-03-06,3,5,-9,-2,17,-1
PG,Papua New Guinea,,,,,,2020-03-07,8,9,-8,-3,15,0
PG,Papua New Guinea,,,,,,2020-03-08,9,14,-5,-6,16,
PG,Papua New Guinea,,,,,,2020-03-09,-2,0,-4,-7,13,1
PG,Papua New Guinea,,,,,,2020-03-10,2,7,-8,-1,14,0
PG,Papua New Guinea,,,,,,2020-03-11,7,13,-10,-5,18,0
PG,Papua New Guinea,,,,,,2020-03-12,7,12,-4,3,18,1
PG,Papua New Guinea,,,,,,2020-03-13,8,13,-6,-1,19,1
PG,Papua New Guinea,,,,,,2020-03-14,11,20,-3,0,19,0
PG,Papua New Guinea,,,,,,2020-03-15,11,14,-5,-8,19,
PG,Papua New Guinea,,,,,,2020-03-16,-1,7,-8,-8,16,1
PG,Papua New Guinea,,,,,,2020-03-17,3,12,-8,-2,16,-1
PG,Papua New Guinea,,,,,,2020-03-18,0,7,-9,-7,15,1
PG,Papua New Guinea,,,,,,2020-03-19,-7,2,-7,-13,12,2
PG,Papua New Guinea,,,,,,2020-03-20,-7,5,-11,-10,13,1
PG,Papua New Guinea,,,,,,2020-03-21,-5,9,-11,-9,13,2
PG,Papua New Guinea,,,,,,2020-03-22,-6,13,-14,-18,14,
PG,Papua New Guinea,,,,,,2020-03-23,-4,26,-7,4,10,0
PG,Papua New Guinea,,,,,,2020-03-24,-27,-11,-12,-40,-19,11
PG,Papua New Guinea,,,,,,2020-03-25,-21,-14,-11,-44,-17,11
PG,Papua New Guinea,,,,,,2020-03-26,-24,-13,-10,-40,-17,13
PG,Papua New Guinea,,,,,,2020-03-27,-25,-14,-10,-45,-15,14
PG,Papua New Guinea,,,,,,2020-03-28,-29,-21,-14,-44,0,12
PG,Papua New Guinea,,,,,,2020-03-29,-20,-9,-12,-46,11,
PG,Papua New Guinea,,,,,,2020-03-30,-23,-18,-9,-46,-17,13
PG,Papua New Guinea,,,,,,2020-03-31,-23,-11,-14,-48,-18,12
PG,Papua New Guinea,,,,,,2020-04-01,-23,-16,-16,-48,-15,13
PG,Papua New Guinea,,,,,,2020-04-02,-28,-19,-12,-48,-16,14
PG,Papua New Guinea,,,,,,2020-04-03,-19,-9,-14,-41,-12,13
PG,Papua New Guinea,,,,,,2020-04-04,-18,-8,-15,-44,6,9
PG,Papua New Guinea,,,,,,2020-04-05,-19,-6,-13,-42,12,
PG,Papua New Guinea,,,,,,2020-04-06,-14,-3,-10,-37,-5,10
PG,Papua New Guinea,,,,,,2020-04-07,-9,2,-13,-28,-2,8
PG,Papua New Guinea,,,,,,2020-04-08,-10,-1,-13,-31,-2,9
PG,Papua New Guinea,,,,,,2020-04-09,-2,11,-7,-24,-3,7
PG,Papua New Guinea,,,,,,2020-04-10,-36,-18,-10,-38,-50,19
PG,Papua New Guinea,,,,,,2020-04-11,-25,-9,-9,-40,-12,10
PG,Papua New Guinea,,,,,,2020-04-12,-22,-9,-13,-43,6,
PG,Papua New Guinea,,,,,,2020-04-13,-41,-26,-13,-45,-54,19
PG,Papua New Guinea,,,,,,2020-04-14,-9,2,-17,-32,-2,6
PG,Papua New Guinea,,,,,,2020-04-15,-12,-3,-14,-35,-1,8
PG,Papua New Guinea,,,,,,2020-04-16,-13,-6,-15,-32,2,9
PG,Papua New Guinea,,,,,,2020-04-17,-20,-2,-14,-33,-3,11
PG,Papua New Guinea,,,,,,2020-04-18,-26,1,-13,-30,6,8
PG,Papua New Guinea,,,,,,2020-04-19,-27,-2,-13,-35,10,
PG,Papua New Guinea,,,,,,2020-04-20,-22,-4,-11,-37,-5,10
PG,Papua New Guinea,,,,,,2020-04-21,-22,-2,-14,-39,-6,8
PG,Papua New Guinea,,,,,,2020-04-22,-23,-5,-17,-39,-5,10
PG,Papua New Guinea,,,,,,2020-04-23,-20,6,-7,-34,-1,10
PG,Papua New Guinea,,,,,,2020-04-24,-16,7,-15,-32,2,10
PG,Papua New Guinea,,,,,,2020-04-25,-15,6,-11,-33,11,6
PG,Papua New Guinea,,,,,,2020-04-26,-13,9,-10,-35,17,
PG,Papua New Guinea,,,,,,2020-04-27,-10,5,-14,-32,6,6
PG,Papua New Guinea,,,,,,2020-04-28,-10,7,-15,-30,7,5
PG,Papua New Guinea,,,,,,2020-04-29,-16,3,-15,-29,7,4
PG,Papua New Guinea,,,,,,2020-04-30,-15,4,-13,-31,9,8
PG,Papua New Guinea,,,,,,2020-05-01,-9,11,-13,-27,11,6
PG,Papua New Guinea,,,,,,2020-05-02,-9,12,-14,-35,12,5
PG,Papua New Guinea,,,,,,2020-05-03,-7,13,-18,-34,15,
PG,Papua New Guinea,,,,,,2020-05-04,-14,1,-18,-36,11,4
PG,Papua New Guinea,,,,,,2020-05-05,-8,10,-16,-31,13,5
PG,Papua New Guinea,,,,,,2020-05-06,-2,19,-15,-30,16,5
PG,Papua New Guinea,,,,,,2020-05-07,-3,20,-12,-27,20,5
PG,Papua New Guinea,,,,,,2020-05-08,3,23,-9,-20,22,4
PG,Papua New Guinea,,,,,,2020-05-09,3,28,-8,-20,22,2
PG,Papua New Guinea,,,,,,2020-05-10,9,31,-5,-28,24,
PG,Papua New Guinea,,,,,,2020-05-11,-2,12,-11,-28,21,4
PG,Papua New Guinea,,,,,,2020-05-12,0,21,-14,-25,21,3
PG,Papua New Guinea,,,,,,2020-05-13,-6,13,-14,-26,21,4
PG,Papua New Guinea,,,,,,2020-05-14,-4,13,-13,-21,20,3
PG,Papua New Guinea,,,,,,2020-05-15,1,23,-10,-18,24,1
PG,Papua New Guinea,,,,,,2020-05-16,-3,21,-8,-23,22,2
PG,Papua New Guinea,,,,,,2020-05-17,3,23,-10,-22,23,
PG,Papua New Guinea,,,,,,2020-05-18,-1,13,-11,-25,22,3
PG,Papua New Guinea,,,,,,2020-05-19,-4,17,-11,-22,21,3
PG,Papua New Guinea,,,,,,2020-05-20,5,28,-12,-20,23,5
PG,Papua New Guinea,,,,,,2020-05-21,4,24,-9,-16,22,4
PG,Papua New Guinea,,,,,,2020-05-22,4,26,-9,-10,25,1
PG,Papua New Guinea,,,,,,2020-05-23,0,26,-6,-21,22,1
PG,Papua New Guinea,,,,,,2020-05-24,8,26,-1,-20,24,
PG,Papua New Guinea,,,,,,2020-05-25,3,21,5,-18,23,3
PG,Papua New Guinea,,,,,,2020-05-26,0,20,-9,-17,22,3
PG,Papua New Guinea,,,,,,2020-05-27,-2,17,-11,-18,24,5
PG,Papua New Guinea,,,,,,2020-05-28,-1,15,-15,-18,24,4
PG,Papua New Guinea,,,,,,2020-05-29,2,21,-13,-16,25,3
PG,Papua New Guinea,,,,,,2020-05-30,0,19,-8,-22,20,2
PG,Papua New Guinea,,,,,,2020-05-31,6,29,-4,-21,24,
PG,Papua New Guinea,,,,,,2020-06-01,3,17,-9,-17,25,3
PG,Papua New Guinea,,,,,,2020-06-02,3,20,-12,-21,24,3
PG,Papua New Guinea,,,,,,2020-06-03,4,26,-13,-13,25,4
PG,Papua New Guinea,,,,,,2020-06-04,9,29,-11,-12,27,3
PG,Papua New Guinea,,,,,,2020-06-05,8,32,-11,-6,26,2
PG,Papua New Guinea,,,,,,2020-06-06,8,30,-4,-8,21,1
PG,Papua New Guinea,,,,,,2020-06-07,8,32,-1,-16,22,
PG,Papua New Guinea,,,,,,2020-06-08,-15,4,-6,-26,-47,11
PG,Papua New Guinea,,,,,,2020-06-09,1,24,-15,-16,23,1
PG,Papua New Guinea,,,,,,2020-06-10,-3,19,-15,-20,24,3
PG,Papua New Guinea,,,,,,2020-06-11,2,19,-11,-21,25,3
PG,Papua New Guinea,,,,,,2020-06-12,3,22,-12,-18,25,3
PG,Papua New Guinea,,,,,,2020-06-13,1,22,-5,-20,21,1
PG,Papua New Guinea,,,,,,2020-06-14,7,28,-4,-26,21,
PG,Papua New Guinea,,,,,,2020-06-15,2,18,-12,-19,22,2
PG,Papua New Guinea,,,,,,2020-06-16,6,24,-13,-17,23,1
PG,Papua New Guinea,,,,,,2020-06-17,3,25,-15,-19,22,3
PG,Papua New Guinea,,,,,,2020-06-18,7,16,-14,-18,22,1
PG,Papua New Guinea,,,,,,2020-06-19,12,30,-8,-11,24,1
PG,Papua New Guinea,,,,,,2020-06-20,14,33,-1,-11,23,0
PG,Papua New Guinea,,,,,,2020-06-21,16,34,-2,-12,26,
PG,Papua New Guinea,,,,,,2020-06-22,7,21,-10,-18,21,2
PG,Papua New Guinea,,,,,,2020-06-23,7,29,-11,-15,21,1
PG,Papua New Guinea,,,,,,2020-06-24,3,23,-10,-16,22,2
PG,Papua New Guinea,,,,,,2020-06-25,5,21,-13,-17,23,1
PG,Papua New Guinea,,,,,,2020-06-26,7,24,-10,-15,21,2
PG,Papua New Guinea,,,,,,2020-06-27,8,29,-1,-14,16,1
PG,Papua New Guinea,,,,,,2020-06-28,10,32,-1,-20,16,
PG,Papua New Guinea,,,,,,2020-06-29,6,20,-9,-21,18,2
PG,Papua New Guinea,,,,,,2020-06-30,6,25,-13,-15,18,1
PG,Papua New Guinea,,,,,,2020-07-01,3,24,-14,-21,21,2
PG,Papua New Guinea,,,,,,2020-07-02,11,24,-10,-18,21,3
PG,Papua New Guinea,,,,,,2020-07-03,17,42,-9,-6,23,1
PG,Papua New Guinea,,,,,,2020-07-04,16,34,1,-12,18,-1
PG,Papua New Guinea,,,,,,2020-07-05,17,35,4,-16,17,
PG,Papua New Guinea,,,,,,2020-07-06,9,27,-7,-11,18,2
PG,Papua New Guinea,,,,,,2020-07-07,12,31,-7,-13,19,1
PG,Papua New Guinea,,,,,,2020-07-08,3,22,-8,-19,20,3
PG,Papua New Guinea,,,,,,2020-07-09,9,24,-5,-9,20,2
PG,Papua New Guinea,,,,,,2020-07-10,10,32,-9,-9,19,1
PG,Papua New Guinea,,,,,,2020-07-11,11,30,-3,-8,12,1
PG,Papua New Guinea,,,,,,2020-07-12,18,31,2,-16,14,
PG,Papua New Guinea,,,,,,2020-07-13,11,26,-8,-11,15,1
PG,Papua New Guinea,,,,,,2020-07-14,10,30,-8,-11,14,0
PG,Papua New Guinea,,,,,,2020-07-15,17,35,-3,-6,18,2
PG,Papua New Guinea,,,,,,2020-07-16,16,33,-5,0,18,1
PG,Papua New Guinea,,,,,,2020-07-17,19,38,-9,-3,19,0
PG,Papua New Guinea,,,,,,2020-07-18,16,33,-3,-8,16,0
PG,Papua New Guinea,,,,,,2020-07-19,20,39,2,-9,15,
PG,Papua New Guinea,,,,,,2020-07-20,13,31,-7,-6,17,0
PG,Papua New Guinea,,,,,,2020-07-21,11,32,-9,-4,18,1
PG,Papua New Guinea,,,,,,2020-07-22,12,28,-11,-9,19,1
PG,Papua New Guinea,,,,,,2020-07-23,-10,10,-5,-13,-44,12
PG,Papua New Guinea,,,,,,2020-07-24,9,29,-7,-12,16,3
PG,Papua New Guinea,,,,,,2020-07-25,5,29,-4,-6,10,2
PG,Papua New Guinea,,,,,,2020-07-26,9,29,-5,-16,13,
PG,Papua New Guinea,,,,,,2020-07-27,9,24,-10,-6,16,2
PG,Papua New Guinea,,,,,,2020-07-28,3,27,-11,-4,12,4
PG,Papua New Guinea,,,,,,2020-07-29,-7,17,-13,-16,5,7
PG,Papua New Guinea,,,,,,2020-07-30,7,27,-10,-15,9,6
PG,Papua New Guinea,,,,,,2020-07-31,8,30,-1,-17,9,6
PG,Papua New Guinea,,,,,,2020-08-01,3,24,-7,-16,13,4
PG,Papua New Guinea,,,,,,2020-08-02,6,22,0,-25,12,
PG,Papua New Guinea,,,,,,2020-08-03,3,17,-9,-21,6,6
PG,Papua New Guinea,,,,,,2020-08-04,3,24,-10,-21,7,6
PG,Papua New Guinea,,,,,,2020-08-05,-2,16,-12,-24,8,8
PG,Papua New Guinea,,,,,,2020-08-06,0,14,-13,-17,6,8
PG,Papua New Guinea,,,,,,2020-08-07,3,23,-7,-17,11,5
PG,Papua New Guinea,,,,,,2020-08-08,-2,19,-3,-18,8,5
PG,Papua New Guinea,,,,,,2020-08-09,2,19,5,-23,14,
PG,Papua New Guinea,,,,,,2020-08-10,2,18,-4,-20,9,5
PG,Papua New Guinea,,,,,,2020-08-11,1,18,-7,-22,8,4
PG,Papua New Guinea,,,,,,2020-08-12,10,22,-6,-22,13,5
PG,Papua New Guinea,,,,,,2020-08-13,10,24,-5,-19,17,3
PG,Papua New Guinea,,,,,,2020-08-14,13,30,-1,-19,19,3
PG,Papua New Guinea,,,,,,2020-08-15,8,27,5,-24,18,1
PG,Papua New Guinea,,,,,,2020-08-16,15,26,3,-22,17,
PG,Papua New Guinea,,,,,,2020-08-17,,,,,19,2
PG,Papua New Guinea,,,,,,2020-08-18,,,,,21,2
PG,Papua New Guinea,,,,,,2020-08-19,,,,,21,3
PG,Papua New Guinea,,,,,,2020-08-20,,,,,21,3
PG,Papua New Guinea,,,,,,2020-08-21,,,,,22,3
PG,Papua New Guinea,,,,,,2020-08-22,,,,,,2
PG,Papua New Guinea,,,,,,2020-08-24,,,,,21,3
PG,Papua New Guinea,,,,,,2020-08-25,,,,,23,0
PG,Papua New Guinea,,,,,,2020-08-26,,,,,-43,10
PG,Papua New Guinea,,,,,,2020-08-27,,,,,25,2
PG,Papua New Guinea,,,,,,2020-08-28,,,,,23,3
PG,Papua New Guinea,,,,,,2020-08-29,,,,,,2
PG,Papua New Guinea,,,,,,2020-08-31,,,,,21,2
PG,Papua New Guinea,,,,,,2020-09-01,,,,,19,1
PG,Papua New Guinea,,,,,,2020-09-02,,,,,23,4
PG,Papua New Guinea,,,,,,2020-09-03,,,,,21,5
PG,Papua New Guinea,,,,,,2020-09-04,,,,,22,4
PG,Papua New Guinea,,,,,,2020-09-05,,,,,,3
PG,Papua New Guinea,,,,,,2020-09-07,,,,,20,3
PG,Papua New Guinea,,,,,,2020-09-08,,,,,18,3
PG,Papua New Guinea,,,,,,2020-09-09,,,,,24,3
PG,Papua New Guinea,,,,,,2020-09-10,,,,,23,4
PG,Papua New Guinea,,,,,,2020-09-11,23,37,-18,9,24,4
PG,Papua New Guinea,,,,,,2020-09-12,19,40,-18,7,15,2
PG,Papua New Guinea,,,,,,2020-09-13,21,35,-19,-1,9,
PG,Papua New Guinea,,,,,,2020-09-14,28,39,-16,6,28,3
PG,Papua New Guinea,,,,,,2020-09-15,42,60,-10,14,27,0
PG,Papua New Guinea,,,,,,2020-09-16,3,26,-7,-13,-53,12
PG,Papua New Guinea,,,,,,2020-09-17,4,14,-22,-4,18,6
PG,Papua New Guinea,,,,,,2020-09-18,6,21,-23,-4,21,7
PG,Papua New Guinea,,,,,,2020-09-19,7,27,-21,-2,10,6
PG,Papua New Guinea,,,,,,2020-09-20,12,27,-22,-5,7,
PG,Papua New Guinea,,,,,,2020-09-21,13,22,-19,7,23,5
PG,Papua New Guinea,,,,,,2020-09-22,12,27,-24,6,17,5
PG,Papua New Guinea,,,,,,2020-09-23,17,33,-21,7,22,4
PG,Papua New Guinea,,,,,,2020-09-24,13,25,-16,1,20,5
PG,Papua New Guinea,,,,,,2020-09-25,13,30,-19,5,20,5
PG,Papua New Guinea,,,,,,2020-09-26,9,28,-18,-2,5,5
PG,Papua New Guinea,,,,,,2020-09-27,16,25,-18,-3,-5,4
PG,Papua New Guinea,,,,,,2020-09-28,10,21,-18,4,15,7
PG,Papua New Guinea,,,,,,2020-09-29,14,30,-15,0,14,5
PG,Papua New Guinea,,,,,,2020-09-30,14,24,-23,-3,15,3
PG,Papua New Guinea,,,,,,2020-10-01,10,20,-29,-4,13,0
PG,Papua New Guinea,,,,,,2020-10-02,11,20,-28,-5,11,-1
PG,Papua New Guinea,,,,,,2020-10-03,9,25,-27,-4,-1,-3
PG,Papua New Guinea,,,,,,2020-10-04,14,28,-28,-12,-12,-2
PG,Papua New Guinea,,,,,,2020-10-05,10,20,-25,-9,12,-2
PG,Papua New Guinea,,,,,,2020-10-06,12,26,-29,-4,14,-3
PG,Papua New Guinea,,,,,,2020-10-07,14,27,-30,-2,18,-3
PG,Papua New Guinea,,,,,,2020-10-08,21,33,-28,12,21,-1
PG,Papua New Guinea,,,,,,2020-10-09,21,33,-26,10,20,0
PG,Papua New Guinea,,,,,,2020-10-10,19,32,-24,7,9,1
PG,Papua New Guinea,,,,,,2020-10-11,21,28,-26,0,-3,2
PG,Papua New Guinea,,,,,,2020-10-12,14,24,-28,9,19,3
PG,Papua New Guinea,,,,,,2020-10-13,17,32,-28,12,18,0
PG,Papua New Guinea,,,,,,2020-10-14,15,21,-32,10,20,1
PG,Papua New Guinea,,,,,,2020-10-15,16,19,-30,14,19,1
PG,Papua New Guinea,,,,,,2020-10-16,21,26,-31,12,20,2
PG,Papua New Guinea,,,,,,2020-10-17,15,24,-33,7,1,3
PG,Papua New Guinea,,,,,,2020-10-18,29,21,-26,3,-7,4
PG,Papua New Guinea,,,,,,2020-10-19,13,19,-30,10,17,4
PG,Papua New Guinea,,,,,,2020-10-20,13,21,-27,7,16,3
